{
  "sst2": {
    "sst2": {
      "loss": 0.24973881620670033,
      "accuracy": 0.9050271141726514
    },
    "mrpc": {
      "loss": 1.3301162208829607,
      "accuracy": 0.4681372549019608
    },
    "qqp": {
      "loss": 1.157754407276081,
      "accuracy": 0.5687889581478184
    },
    "rte": {
      "loss": 1.15992169380188,
      "accuracy": 0.51985559566787
    },
    "cola": {
      "loss": 1.1428456028302512,
      "accuracy": 0.5177083333333333
    }
  },
  "mrpc": {
    "sst2": {
      "loss": 0.8880349893436253,
      "accuracy": 0.44042210171478824
    },
    "mrpc": {
      "loss": 0.4832158812454769,
      "accuracy": 0.7450980392156863
    },
    "qqp": {
      "loss": 0.7570294119134734,
      "accuracy": 0.6143514395963194
    },
    "rte": {
      "loss": 0.7570147275924682,
      "accuracy": 0.5451263537906137
    },
    "cola": {
      "loss": 1.0745061755180358,
      "accuracy": 0.30625
    }
  },
  "qqp": {
    "sst2": {
      "loss": 1.8803482434459935,
      "accuracy": 0.4865894767697494
    },
    "mrpc": {
      "loss": 0.8044314384460449,
      "accuracy": 0.6617647058823529
    },
    "qqp": {
      "loss": 0.3125845073380425,
      "accuracy": 0.8610863757791629
    },
    "rte": {
      "loss": 2.1738471508026125,
      "accuracy": 0.5090252707581228
    },
    "cola": {
      "loss": 1.9581117550532023,
      "accuracy": 0.321875
    }
  },
  "rte": {
    "sst2": {
      "loss": 0.6962352584455614,
      "accuracy": 0.5302652792026967
    },
    "mrpc": {
      "loss": 0.7074024081230164,
      "accuracy": 0.4166666666666667
    },
    "qqp": {
      "loss": 0.7111984626213207,
      "accuracy": 0.41822499257940043
    },
    "rte": {
      "loss": 0.6824300408363342,
      "accuracy": 0.5595667870036101
    },
    "cola": {
      "loss": 0.6563194791475931,
      "accuracy": 0.6864583333333333
    }
  },
  "cola": {
    "sst2": {
      "loss": 0.7262387771472752,
      "accuracy": 0.5589916459035614
    },
    "mrpc": {
      "loss": 0.6671623502458844,
      "accuracy": 0.6593137254901961
    },
    "qqp": {
      "loss": 0.7890231542383568,
      "accuracy": 0.370362125259721
    },
    "rte": {
      "loss": 0.8049648404121399,
      "accuracy": 0.44765342960288806
    },
    "cola": {
      "loss": 0.5945241928100586,
      "accuracy": 0.7020833333333333
    }
  }
}